-0.033057137,0.067445531,0.049340622,-0.093257579,-0.132577096,-0.025975659,-0.100274255,-0.038080207,0.137824188,-0.113544931,0.163218419,-0.115798558,-0.244874582,0.004521535,-0.053382707,0.232209757,-0.153663854,-0.154375409,-0.013800823,0.036774056,0.07291709,0.117714234,-0.036218545,0.059528459,-0.141803314,-0.36368685,-0.060251504,-0.018718768,-0.121085055,-0.053296364,-0.00769487,0.097905541,-0.161931207,-0.000788053,0.078148308,0.13098717,0.009761437,-0.07780972,0.119251239,0.057309153,-0.321414212,0.060400469,0.098057444,0.247644703,0.169420366,0.041913325,-0.007160782,-0.135600654,0.065851563,-0.222227181,-0.017408393,0.113758137,0.011910385,0.042388129,0.019932274,-0.140287081,0.043267117,0.120198506,-0.168230702,-0.047297668,0.109223855,-0.075186244,0.050181967,-0.124006187,0.202718268,0.010841251,-0.115477609,-0.164099957,0.094193185,-0.184189543,-0.112514968,0.103520118,-0.091833428,-0.195120116,-0.325861812,-0.024577224,0.3131015,0.169926524,-0.176353872,0.069204641,0.029854545,0.044323794,0.121738086,0.134855901,0.056922329,0.050844681,-0.104545186,-0.004362275,0.268585255,-0.039313519,0.010973348,0.246140594,0.008772999,0.067265453,0.01579703,0.027898147,-0.067017701,0.035033042,-0.154069533,0.00719524,-0.021403756,0.012223672,-0.001156398,0.139776801,-0.168417811,0.141112924,-0.032265989,-0.022416352,-0.026615017,0.053156446,-0.049592873,-0.041251406,0.141023566,-0.23377271,0.119962749,0.162268634,0.070830942,0.112429433,0.108351355,0.070848027,-0.063938696,-0.070388106,-0.245992482,-0.047291998,0.07616083,-0.048396318,0.123063167,0.031704851
-0.077912239,0.087380943,0.055911771,-0.15331773,-0.124731901,-0.054948516,-0.11592976,-0.117673387,0.118829553,-0.193388303,0.206721996,-0.150204842,-0.1881604,0.03727939,-0.068761236,0.235682199,-0.179480816,-0.160557941,0.000992782,-0.028653958,0.095427749,0.021175494,-0.084998774,0.098666849,-0.103443846,-0.272444919,-0.111003327,-0.020787624,-0.086627016,-0.078689369,0.015258539,0.059009321,-0.168228969,0.024701771,0.006853753,0.134366679,0.066205149,-0.155415386,0.142334702,0.036685796,-0.299206754,0.063788676,0.117361824,0.223132541,0.141233387,-0.057002058,-0.029369164,-0.127924298,0.137003452,-0.155309742,-0.012069196,0.097135524,0.065292745,0.023897358,0.009118148,-0.120054518,0.074477048,0.139740676,-0.19569238,-0.041564497,0.120529672,-0.126116022,0.036109047,-0.14183639,0.168613404,0.135728642,-0.080069641,-0.194603855,0.109976808,-0.140542599,-0.114266093,0.069727869,-0.131827737,-0.167165423,-0.299755881,-0.003036605,0.320482641,0.150757415,-0.168450346,0.104829423,0.05379965,-0.024096582,0.146884665,0.200594624,0.072446634,0.053259891,-0.069147782,0.036249175,0.258965587,-0.044525679,-0.001661948,0.204674711,-0.043179072,0.035043923,0.00980148,0.015923501,-0.103268407,0.035174255,-0.13925308,0.008032166,-0.067250259,0.001947452,-0.051922551,0.09246217,-0.161086892,0.081416907,-0.013924671,-0.054407133,-0.104309315,0.012693169,-0.023351073,-0.009432712,0.129472367,-0.185060829,0.116806773,0.134315997,0.049849222,0.120066312,0.131736852,0.081530745,-0.004037448,-0.080092461,-0.208725125,-0.019424224,0.086062399,-0.025751977,0.13338238,0.012159336
-0.132473111,0.05132198,0.005632453,-0.119318351,-0.097634483,-0.004699111,-0.042240562,-0.096596509,0.158555984,-0.151588783,0.2028111,-0.062632825,-0.240258567,-0.061673734,-0.032654949,0.145707607,-0.135617819,-0.160737604,-0.029416944,0.035330025,0.135491021,0.063127823,-0.033722454,0.065786641,-0.165110499,-0.275730357,-0.11470475,-0.037670082,-0.102182243,-0.075422771,-0.068979654,0.028773176,-0.162574768,-0.023444274,0.024433613,0.121294141,0.020321157,-0.017799128,0.14988149,0.060168207,-0.272311389,0.07011118,0.037709709,0.275352076,0.204865582,0.025923034,-0.042845557,-0.157415204,0.112008233,-0.237351097,0.035551792,0.148193888,0.049101265,0.043012483,-0.016367355,-0.104583845,0.013705287,0.130818658,-0.140303887,0.014399952,0.078580052,-0.144560054,-0.009145567,-0.099414378,0.173009023,0.081091713,-0.128795754,-0.235476546,0.052785907,-0.183577918,-0.180616058,0.098398395,-0.158481359,-0.182786636,-0.358738735,0.025565356,0.37323302,0.136142079,-0.225437433,0.067975942,-0.054213928,0.018428765,0.14703266,0.14151888,0.036611545,0.032227991,-0.13257888,0.00178049,0.286772311,-0.077276636,-0.04074722,0.222400919,0.022764959,0.104446828,0.043025963,0.060406849,-0.059407132,0.002456497,-0.151047882,-0.029416993,0.019289833,-0.009606837,-0.017387657,0.153486945,-0.183211684,0.186095223,-0.018128564,-0.030750841,-0.033568528,-0.037801421,-0.068876425,-0.016004491,0.115739483,-0.222521588,0.165066957,0.180242799,0.101613179,0.110223658,0.128677852,0.045396518,-0.049397608,0.032269938,-0.210435979,-0.03374048,0.106667798,0.014257143,0.144415393,-0.00123285
-0.074326502,0.058274407,-0.019114348,-0.076600708,-0.051395784,-0.002337407,-0.106257548,-0.121812887,0.105394833,-0.140066544,0.243616516,-0.04532222,-0.158620064,-0.121717647,-0.016154644,0.116885267,-0.206083248,-0.166480715,0.008496212,0.04373968,0.11866377,0.005581672,-0.060225667,0.057404495,-0.158867533,-0.267279039,-0.109923407,-0.039625576,0.062090506,-0.090313382,-0.07995264,-0.013429767,-0.215255712,-0.020698897,0.034116787,0.157356039,0.016354367,-0.030892589,0.159864724,-0.004767443,-0.206992214,0.086509742,0.038082148,0.240099311,0.205182339,0.073219287,-0.050098341,-0.139132227,0.119239154,-0.229804302,0.105774571,0.153891539,0.096275456,0.095210053,-0.016197932,-0.131386886,0.034083482,0.106415284,-0.159134999,0.035884778,0.065336722,-0.088790054,0.029421514,-0.046527608,0.186333458,0.056486064,-0.108132084,-0.21724242,0.103595768,-0.190207322,-0.144542351,0.095107101,-0.075446762,-0.172385315,-0.356785794,0.030620819,0.35945645,0.178287099,-0.252359688,0.087483751,-0.03933185,-0.024563543,0.197386295,0.092890783,0.058626811,-0.015309906,-0.153109054,-0.008462355,0.282944938,-0.037984094,-0.026848498,0.201906656,0.028458486,0.102337216,0.054501597,0.080610981,-0.037881403,0.011614082,-0.131196655,-0.018936679,0.024079229,0.030370078,-0.035399571,0.174482023,-0.141884799,0.197100456,0.019722551,-0.01712827,0.010343128,-0.001136507,-0.08950865,-0.056865649,0.097923222,-0.302796503,0.214754855,0.168803409,0.092082491,0.120716383,0.112998339,0.079798525,-0.009664378,-0.045710289,-0.227110768,-0.0797178,0.036634608,-0.007164335,0.102215663,0.031541493
-0.101947054,0.098125187,0.062574115,-0.049471774,-0.094190051,-0.009702395,-0.076770028,-0.118059145,0.085377586,-0.11426886,0.218126032,0.003318535,-0.201019633,-0.038573848,-0.041750731,0.153232905,-0.179015473,-0.139455959,-0.063495891,0.016905267,0.10924274,0.049964193,-0.012287811,-0.016063967,-0.065531323,-0.304833418,-0.110440472,0.01345223,0.080590508,-0.053275356,-0.073595833,-0.009441988,-0.210752454,-0.031327716,0.039186505,0.08805469,0.006318008,-0.043962064,0.141154866,0.02358505,-0.236050841,0.093229854,0.045081293,0.231636658,0.238053077,0.041434461,0.009983187,-0.126643495,0.091598228,-0.166250965,0.015262643,0.165454084,0.118733853,0.08355656,-0.030661889,-0.151745793,0.014540794,0.106170724,-0.104718138,0.02856902,0.113052443,-0.085079719,0.016137985,-0.076146217,0.177400061,0.037444718,-0.122494628,-0.259415537,0.073942222,-0.154712752,-0.110250805,0.066521224,-0.174842697,-0.126634707,-0.30220167,0.005627839,0.375683594,0.097204036,-0.187303191,0.070889927,-0.057023229,0.015420894,0.099971688,0.113321047,-0.020511425,0.039673202,-0.101916298,0.005906337,0.261969543,-0.036323853,-0.054454133,0.18387945,-0.014976095,0.094429074,0.035982545,0.058371342,-0.045007706,0.004995761,-0.109891108,-0.028620378,-0.026778759,-0.076240465,0.00023629,0.150521082,-0.13670719,0.186908749,-0.041748892,0.096608201,-0.002284643,0.013422843,-0.084188981,-0.006779398,0.118697074,-0.219207257,0.256903467,0.220398659,0.052285841,0.055987436,0.138174684,0.090762995,-0.034899616,0.057945214,-0.194357234,-0.067549927,0.036194562,-0.056157786,0.127514309,0.018099593
-0.093023987,0.089768571,0.073148934,-0.023666791,-0.074009194,-0.030446621,-0.075526249,-0.173091652,0.140535052,-0.161950101,0.207866465,0.002787148,-0.206884642,-0.054335606,-0.040835908,0.159287403,-0.173135586,-0.1286965,-0.046747436,-0.016426496,0.111655316,0.028635871,0.014305715,-0.000301296,-0.093973593,-0.285629883,-0.099074669,-0.020218765,0.019651228,-0.074920053,-0.081711366,0.021134015,-0.17251501,-0.032365661,-0.000977225,0.088658178,-0.011778208,-0.028398337,0.197919545,0.000947674,-0.217821963,0.047877613,0.037905716,0.251461248,0.251358661,0.014279412,-0.00314664,-0.130408439,0.12101121,-0.206945665,0.023504364,0.136040404,0.103326503,0.088994801,-0.026711869,-0.151568371,-0.00078726,0.074768652,-0.094491223,0.068986361,0.15884994,-0.165210197,-0.011313806,-0.047159145,0.221176368,0.062186512,-0.129814488,-0.18120041,0.068544061,-0.171750717,-0.106450868,0.024259777,-0.166277863,-0.16026487,-0.325141991,0.007958598,0.389636109,0.132699054,-0.211729991,0.039518842,-0.055512366,0.042811606,0.163404937,0.149736784,-0.011228336,0.036576539,-0.099622911,0.023161964,0.24471696,-0.053775309,-0.066469527,0.23287231,0.00879622,0.118480054,0.037835898,0.033726838,-0.035151264,-0.001795602,-0.150025431,0.009904739,-0.010489554,-0.058202691,0.044235798,0.133042559,-0.105320066,0.172928517,-0.025885019,0.089321117,0.025484655,0.0164702,-0.129208828,-0.061555126,0.130273386,-0.189690724,0.207734374,0.195175491,0.064917589,0.105304933,0.133953771,0.139079555,-0.025993041,0.062220339,-0.170350691,-0.009963719,0.061878153,-0.004384107,0.14548592,0.034248078
-0.081045142,0.121061813,0.049438452,-0.039012541,-0.119915245,-0.037966768,-0.011324404,-0.174138672,0.106286806,-0.136515101,0.235095165,-0.065268987,-0.217346905,-0.012773878,-0.047429512,0.119539979,-0.164305352,-0.121694467,-0.064968884,-0.040471848,0.078424814,0.058118104,0.004269907,0.042732634,-0.039362427,-0.249120499,-0.074219335,-0.057489199,0.107982578,-0.049765588,-0.023911636,-0.001931507,-0.199211542,-0.067653946,0.026382114,0.049431701,-0.033152112,-0.039323815,0.215504906,-0.06728672,-0.230868512,0.056526928,0.081662873,0.271316935,0.188694147,0.062420895,-0.024758605,-0.152450435,0.096239747,-0.178993417,0.091335582,0.123221209,0.124808265,0.063009393,-0.010181431,-0.211308262,0.052208979,0.104137432,-0.176565744,0.052973899,0.140570506,-0.082001507,0.062667924,-0.00729244,0.223560578,0.014012231,-0.082070559,-0.192619632,0.098507388,-0.21099101,-0.091035325,0.124359375,-0.127400969,-0.14779811,-0.326987407,0.00134266,0.444011684,0.140581854,-0.156459053,0.036503966,-0.048235596,-0.021240578,0.178970279,0.112474155,-0.028307531,-0.045321489,-0.127580432,0.016991768,0.245588873,-0.048425327,-0.108392269,0.201551786,0.041190701,0.004714496,0.016592374,0.054206612,-0.072350066,0.013870165,-0.137889566,-0.019733349,-0.025185395,-0.028013805,-0.020281081,0.166296957,-0.218698091,0.181897366,-0.021446517,0.001642573,-0.038545535,-0.027925302,-0.073890258,0.000773148,0.143956064,-0.253155979,0.221609961,0.180921731,0.094536059,0.12995159,0.077920515,0.032785912,0.026272208,-0.021752748,-0.219235252,-0.073311105,0.076093292,-0.056307841,0.175098587,0.05999721
-0.081700638,0.059557141,0.049597888,-0.095724094,-0.113855375,-0.05749588,-0.008005049,-0.075978972,0.212563965,-0.086501485,0.18097643,-0.043486576,-0.290684617,-0.045268828,-0.014632387,0.170766553,-0.186066255,-0.12002145,-0.108726886,-0.098609905,0.097532396,0.077800408,0.03063318,0.157512376,-0.129717508,-0.24822773,-0.005498346,-0.090162307,-0.079485676,-0.152716988,0.087998421,0.130551063,-0.161557448,-0.000492194,-0.035789032,0.134077036,-0.061974967,-0.137900209,0.22130734,0.007264316,-0.210882735,-0.076572715,0.034563692,0.201611672,0.280348465,-0.030859035,0.028615419,-0.082191627,0.151373623,-0.377618635,-0.026500214,0.186671895,-0.007796827,0.06584172,0.087983204,-0.226400983,-0.006348162,0.132882665,-0.192226674,0.011148827,0.051080601,-0.147912824,-0.001515058,-0.117244709,0.198327157,0.043520476,-0.158023417,-0.128442834,0.163334766,-0.212037927,-0.112864125,0.167390531,-0.108551112,-0.248759252,-0.291244423,0.045558517,0.380739027,0.187595865,-0.11530728,0.074191154,-0.09453321,-0.033170304,-0.007038935,0.136177483,0.063746243,-0.023316782,-0.126478845,0.039619843,0.156774943,-0.034895495,0.00736652,0.332032502,0.015454394,0.019814353,-0.0262163,0.034589082,-0.091279879,0.091804706,-0.09856558,0.055682397,-0.000908943,-0.034359379,0.040119147,0.026262734,-0.098087563,0.157489455,-0.061632439,-0.005953901,-0.089722265,-0.097047088,-0.140899447,0.01879669,0.200020856,-0.307848871,0.146693443,0.143795639,0.046353613,0.195285892,0.064172734,0.163873884,0.02421602,-0.086671195,-0.187179296,-0.009338604,0.058325539,-0.007666189,0.02096146,0.065077013
0,,,,,,,,,,,,,,,,,,,,,,,,,,,,,,,,,,,,,,,,,,,,,,,,,,,,,,,,,,,,,,,,,,,,,,,,,,,,,,,,,,,,,,,,,,,,,,,,,,,,,,,,,,,,,,,,,,,,,,,,,,,,,,,
-0.10914085,0.039493519,0.043403171,-0.127658267,-0.068933742,0.00700897,-0.137995832,-0.107075613,0.145975271,-0.187107097,0.156059843,-0.096941344,-0.181894667,0.018832987,-0.071373578,0.23592611,-0.233003199,-0.177009027,-0.027471907,-0.035468752,-0.01337147,0.037466407,-0.027030342,0.052901675,-0.097756827,-0.32305412,-0.126267759,-0.064196829,-0.037670221,-0.070952484,-0.044702715,0.052072488,-0.149405222,0.054532627,0.051184466,0.132483596,0.01374647,-0.115118187,0.126797687,0.032534711,-0.238629833,0.031367319,0.127127051,0.213301968,0.198833626,-0.00743327,-0.052977406,-0.15997405,0.147313878,-0.159532856,0.028374448,0.14471731,0.0815701,0.108347727,0.032422753,-0.098719874,0.071164339,0.164681006,-0.138198568,-0.004562135,0.070459562,-0.037851921,0.02907369,-0.093332073,0.192543577,0.155117746,-0.0947723,-0.252200484,0.137893278,-0.148433238,-0.126433251,0.063407437,-0.162759393,-0.187504865,-0.253071424,-0.029407669,0.275937404,0.159088291,-0.145745009,0.084459786,0.030164202,-0.075889434,0.084652584,0.199786391,-0.008928107,0.001074879,-0.016102128,-0.004719135,0.27491923,-0.014448498,-0.013302429,0.159416523,-0.051360501,0.045461603,-0.004103114,-0.003277633,-0.092832644,0.036393853,-0.181649972,-0.083792919,-0.072672176,0.040021716,-0.048425909,0.131077997,-0.138444604,0.146047646,-0.005528491,-0.031219015,-0.035828718,0.040091766,-0.013880672,-0.020642532,0.147339787,-0.185922578,0.180542726,0.169339009,0.124897916,0.090207621,0.100735109,0.088655697,-0.004294053,-0.014581867,-0.222608496,-0.001530398,0.078325683,-0.042905719,0.063130863,0.011418106
-0.116356594,0.118007421,0.020015387,-0.075988282,-0.12316064,-0.076306832,-0.042188658,-0.207836171,0.103620201,-0.088790499,0.164841309,-0.064787558,-0.215316017,-0.138312546,-0.010568372,0.160682405,-0.225008607,-0.167621419,-0.05168608,-0.096775095,0.057064482,0.050238832,0.074856291,0.021393554,-0.025051118,-0.319850663,-0.08304883,-0.044198468,0.112481688,-0.01783547,-0.038446595,0.060958784,-0.244074782,-0.096249101,0.048719517,0.074725088,0.058493449,-0.049222638,0.203143731,-0.053559259,-0.182893669,0.037656995,0.088873632,0.232327506,0.197472274,0.02520043,-0.006440504,-0.098234338,0.081285981,-0.111251853,0.089193928,0.148826028,0.071093223,-0.004841083,-0.01953245,-0.189285934,0.009457855,0.124371094,-0.14608561,0.004990334,0.159614439,-0.113615582,-0.061477604,-0.04671384,0.199060803,0.079060326,-0.041022066,-0.260841419,0.10733739,-0.143647616,-0.078922364,0.01940313,-0.175346474,-0.045040408,-0.316282769,0.001320435,0.33051164,0.058014451,-0.172120829,0.057756646,-0.040498096,0.039900573,0.150437474,0.08180362,-0.065202398,0.002231559,-0.121225283,0.026699712,0.161478892,-0.013380588,-0.093159025,0.190449009,0.012498419,0.033282924,0.054539971,0.007388818,-0.042687579,0.020380977,-0.156125913,-0.004730167,0.057535139,-0.058464287,-0.001917526,0.168679749,-0.170571099,0.073303776,-0.033504385,0.03990135,-0.025325034,-0.040129835,-0.059995563,-0.04751486,0.112310735,-0.193361556,0.235630433,0.207686692,0.033793451,0.130354529,0.085352088,0.0848611,0.012810348,0.018192756,-0.185946047,-0.047757691,0.099683143,-0.02242001,0.121140699,0.077725055
-0.099076162,0.08003406,0.037167345,-0.02462057,-0.070116496,-0.031778933,-0.012113311,-0.111383141,0.143989578,-0.124836187,0.224977568,-0.044518453,-0.268081094,-0.060647178,-0.005451828,0.161581494,-0.159636746,-0.121835324,-0.089569298,-0.024438172,0.084460344,0.081864742,0.003618094,-0.005244568,-0.088302898,-0.384378413,-0.103193166,-0.041213314,0.041331593,-0.079416896,-0.008062713,0.013318712,-0.163074285,-0.059235536,0.041745423,0.105398163,-0.02282891,-0.07990745,0.178466201,0.015990717,-0.24604545,-0.00068188,0.033644,0.270019854,0.122121145,0.050852592,0.006699857,-0.157015691,0.136487002,-0.114817463,0.056885532,0.133011284,0.07809862,0.043074358,0.026350766,-0.146944913,0.017387505,0.181252127,-0.196872503,-0.00991511,0.094017141,-0.089111043,-0.028897335,-0.056359256,0.16475487,0.048917872,-0.107962338,-0.204164505,0.158584187,-0.120844461,-0.090052168,0.028163195,-0.145386532,-0.152888045,-0.311810702,0.003443825,0.354523112,0.030712478,-0.181017543,0.016383928,-0.020384859,-0.0250455,0.127871176,0.162557483,-0.015623461,7.70E-05,-0.133586563,0.018362408,0.189634333,-0.03692223,-0.035886483,0.16987285,-0.021712353,0.037134034,0.028994291,0.076353302,-0.186073631,0.050380421,-0.141319613,-0.079911947,0.105865327,-0.012679987,-0.019379384,0.169546793,-0.140754541,0.201587434,0.006739842,0.02916732,0.052241044,-0.060004247,-0.058098781,-0.047345242,0.12124494,-0.17796503,0.194699327,0.157915038,0.029428401,0.124802413,0.099690164,0.06301932,-0.020534362,-0.003400678,-0.327746838,-0.052736727,0.070933346,-0.000865276,0.073566269,-0.007399059
-0.06127711,0.092510726,0.031346163,-0.108356394,-0.149162479,-0.022327069,-0.080494937,-0.034680657,0.183520354,-0.121182803,0.176256604,-0.123105325,-0.203064345,-0.013223387,-0.049897946,0.224267386,-0.218822561,-0.1633569,-0.037681911,0.008513652,0.07684431,0.059924737,-0.019917363,0.066404976,-0.173149735,-0.37309669,-0.065225156,-0.087369414,-0.052775297,-0.096233517,-0.029053987,0.028936044,-0.190701827,-0.016507334,0.050292853,0.091536317,0.016787538,-0.085637555,0.151560642,0.029512614,-0.344510168,0.060743408,0.084554594,0.227018848,0.189161427,0.008952288,-0.011498206,-0.151523031,0.160535604,-0.167327344,-0.03169472,0.148740172,0.015953203,0.044868927,0.013495522,-0.084934764,0.033961833,0.124234449,-0.142035939,-0.036314975,0.133407988,-0.075752631,0.022866377,-0.130537681,0.19442717,0.010239845,-0.102244627,-0.233722553,0.093880549,-0.19076357,-0.114946891,0.103345755,-0.112295121,-0.180065654,-0.325945139,-0.04137885,0.305439115,0.141788602,-0.175647184,0.088828564,-0.021075775,0.016897013,0.106705204,0.185236163,0.045394439,0.108662147,-0.098569162,0.006567886,0.296395585,-0.077997629,0.032449803,0.234690383,-0.0114535,0.096337602,0.002718054,-0.001432081,-0.126905266,0.027253729,-0.144004121,0.002642185,-0.002353451,0.035188362,-0.022282984,0.114201993,-0.162842818,0.141557932,-0.036810701,-0.00082026,-0.062838659,0.021461003,-0.039097199,-0.045863604,0.147857577,-0.198129311,0.163908906,0.163393438,0.091538999,0.082663804,0.13774918,0.030514825,-0.060077991,-0.020984388,-0.2446573,-0.017533722,0.081817508,-0.070182601,0.116588749,-0.013570305
-0.138834849,0.130023438,0.085765334,-0.060521683,-0.031341992,-0.055709768,0.043016979,-0.083344011,0.188761123,-0.06992079,0.249109812,-0.025141258,-0.222227205,-0.101468585,-0.018664041,0.116532249,-0.215033617,-0.094856203,-0.067372927,-0.192965992,0.052104807,0.04193156,-0.027718495,0.058356682,-0.128646031,-0.246145595,-0.047446772,-0.176194414,0.074066547,-0.080125466,-0.004008038,0.02655505,-0.152282104,-0.082407157,-0.019529647,0.019257063,0.073140138,-0.038042398,0.155468274,0.018993566,-0.070419029,-0.018861389,0.070460223,0.252549935,0.155146495,-0.01114543,0.044673448,-0.038955262,0.117052766,-0.163703457,0.004206605,0.093505882,0.164315499,0.062435783,0.037633407,-0.220406439,-0.086524135,0.074850332,-0.154126845,0.108332464,0.030600852,-0.081029086,-0.11459961,-0.042893023,0.254637517,0.111844296,-0.149401177,-0.131117165,0.191824418,-0.111948881,-0.083593254,0.050319665,-0.135111766,-0.037084287,-0.247123502,0.059921247,0.401802942,0.047412959,-0.172531329,-0.001490595,-0.208053876,0.001247493,-0.035302327,0.080337195,-0.103279417,0.035880303,-0.038600865,0.031820896,0.128608238,0.026820525,-0.066216015,0.176773015,-0.023389408,0.052988941,-0.010589727,-0.013416485,-0.113902707,-0.048611342,-0.051823958,-0.056494148,0.032076613,-0.130830843,0.009857204,0.092901984,-0.2231839,0.110096321,0.020537973,0.005883073,-0.016444464,0.081263795,-0.047289215,0.022592735,0.175561041,-0.245036971,0.211842559,0.184505582,0.03849678,0.15157027,0.034828144,0.053961891,-0.004679939,-0.003082546,-0.096496951,-0.073600404,0.013287007,-0.062472155,0.067974961,0.038940466
-0.02476741,0.191648602,0.013444685,-0.0889983,-0.156810323,0.012504728,-0.084874195,-0.08938505,0.223596101,-0.09340965,0.176887895,-0.002029891,-0.201083759,-0.025519511,-0.052116012,0.078251446,-0.226177712,-0.062231747,-0.106519861,-0.119489603,-0.053098486,0.106470947,0.01179003,0.087710482,-0.092750696,-0.231620838,-0.042362177,-0.107626028,0.174145403,-0.1948873,-0.073552628,0.021611714,-0.128355592,-0.073471987,0.007435957,0.049377541,-0.071082496,-0.083520601,0.196650396,0.030246864,-0.139163656,0.038249936,0.021245285,0.283175339,0.235603576,-0.035785933,-0.003668275,-0.090683701,0.215224052,-0.191140513,0.050592875,0.173820938,0.19050013,0.053638486,0.080053785,-0.126313222,-0.008698006,0.146543386,-0.186384926,0.095135105,0.119537023,-0.121673654,-0.062518136,-0.003316839,0.137393395,0.08466332,-0.06825102,-0.206792285,0.14902622,-0.195190797,-0.102018411,0.145176038,-0.017967859,-0.087441772,-0.215607584,-0.005862698,0.350656867,0.152093694,-0.140647866,0.023387188,-0.104175215,-0.112564544,-0.015499327,0.064816264,-0.144993767,-0.063895551,-0.086843063,0.061717826,0.192404682,-0.003054962,0.005013351,0.199653347,0.064684391,0.002463452,0.008854398,0.032913685,-0.164496392,-0.010059369,-0.037170942,-0.028074252,0.094238266,-0.147750864,-0.012849009,0.076556037,-0.245891581,0.240536918,0.005555615,-0.033233919,0.045063024,-0.044534793,-0.04298564,0.043090248,0.255012736,-0.301284721,0.211256529,0.121389476,0.077617557,0.121507545,0.016233546,0.0343777,0.009840274,-0.081238016,-0.096430057,-0.159000506,-0.012850623,-0.111400977,0.051658908,0.027963952
-0.096635349,0.112349361,0.066358641,-0.013179269,-0.092622384,-0.033539899,-0.046118587,-0.179176748,0.084479831,-0.088333599,0.216373712,-0.114646316,-0.166851059,-0.131151721,-0.074097537,0.199480474,-0.176392049,-0.123665802,-0.032998677,-0.005082181,0.090551957,-0.01318637,0.020390639,0.026033904,-0.025684893,-0.342760891,-0.12578693,-0.075862736,0.079188854,-0.05186832,-0.037796255,0.032804351,-0.188895538,-0.073259301,0.010059983,0.103785105,-0.058384001,-0.093179099,0.174703643,-0.047678534,-0.231055573,0.063053973,0.08197508,0.236427382,0.238500744,0.033943467,0.023817912,-0.157077879,0.132112488,-0.138218626,0.039104529,0.141944885,0.066836268,0.069608666,0.025175743,-0.130742237,0.036353994,0.122502796,-0.132992953,0.050803162,0.134959146,-0.09523809,0.016001936,-0.053686187,0.200363308,0.049602751,-0.098993339,-0.218147814,0.14214997,-0.149356663,-0.051983591,0.08922299,-0.142143145,-0.167751431,-0.315539211,0.047487348,0.420633972,0.091408968,-0.160738349,0.048107114,-0.049763635,-0.001120542,0.179213166,0.174542293,0.021428943,-0.039104506,-0.138154149,-0.041938931,0.214513287,-0.071080156,-0.043848146,0.216490716,-0.037358142,0.047058076,0.008632209,0.052130822,-0.093619384,0.086275235,-0.132097021,-0.031180207,0.039202802,-0.065132916,-0.013733124,0.106653638,-0.105394185,0.105676688,-0.021377422,0.097234242,0.004367305,-0.082275137,-0.126453117,0.003198269,0.153986275,-0.228152379,0.233992785,0.153296083,0.05219068,0.095027052,0.193451867,0.119554788,0.017712673,-0.063684508,-0.214697376,0.000194847,0.084582031,-0.013025843,0.070882566,0.021255601
-0.074775219,0.119823262,0.101802029,-0.020227324,-0.12148378,-0.029345091,-0.066997133,-0.194783285,0.083139554,-0.118379951,0.215950251,-0.126057014,-0.215100795,-0.091347501,-0.037564203,0.208364531,-0.205191925,-0.145880878,-0.034022257,-0.023298431,0.095478743,0.005738655,0.040349863,0.038706243,-0.021543551,-0.354830086,-0.126851678,-0.093888782,0.058831569,-0.067793004,-0.067734823,-0.002643784,-0.185404897,-0.066692531,0.000379813,0.074198999,-0.041667055,-0.071154416,0.178492978,-0.068622477,-0.210025758,0.060456388,0.09529943,0.211990401,0.239414081,0.076759934,0.007032722,-0.136489481,0.089176811,-0.167865977,0.094929181,0.129249752,0.079631582,0.067830607,0.039872311,-0.194052979,0.010759803,0.133992568,-0.104042456,0.087705873,0.1411459,-0.086039089,-0.003064265,-0.024057901,0.249870151,0.06434302,-0.090158969,-0.214825615,0.121501483,-0.126078874,-0.088001676,0.065370321,-0.178764671,-0.128855124,-0.29968977,0.017540136,0.453061968,0.041715689,-0.217956543,0.024022475,-0.049714826,0.011666647,0.181276679,0.137602121,0.021855969,-0.078871317,-0.160118937,-0.014718485,0.180718094,-0.085256897,-0.038106039,0.226797312,-0.032318678,0.06516853,0.019731034,0.049007416,-0.077376969,0.081186712,-0.143581226,-0.053100362,0.054612372,-0.038985386,-0.048302501,0.120552324,-0.138063535,0.101772435,-0.017472273,0.082231097,0.013087029,-0.045641322,-0.131222725,-0.011843858,0.178902954,-0.241851881,0.227724582,0.189755112,0.021425836,0.093516916,0.126478851,0.127075523,0.029941548,-0.038371217,-0.265624881,0.008403606,0.096553691,-0.021122649,0.052834239,0.061098199
-0.135707006,0.080431722,0.043981478,-0.03758103,-0.048032161,-0.053045262,-0.070720471,-0.186555088,0.092540197,-0.104071096,0.230881542,-0.096221551,-0.199414447,-0.161629468,-0.079716563,0.193591788,-0.192705527,-0.125675619,-0.037169553,-0.02141336,0.117330447,-0.013715646,0.02685787,0.02539498,-0.055467859,-0.339562774,-0.101006038,-0.073517673,0.059707589,-0.051474433,-0.069908924,0.0264792,-0.208645776,-0.08503823,0.01984054,0.135227963,-0.024940196,-0.068921141,0.183760166,-0.026507821,-0.20016627,0.046698019,0.071322858,0.226237655,0.237217069,0.046068676,0.028257713,-0.195459634,0.173596561,-0.146655276,0.068204515,0.126569539,0.1389281,0.049393468,0.006160843,-0.148945019,0.024616517,0.123914048,-0.154122666,0.025712881,0.146254063,-0.094677784,-0.0237964,-0.088461883,0.175976738,0.052326459,-0.105373763,-0.207447335,0.155558676,-0.149175048,-0.049822371,0.061842326,-0.125600994,-0.172860593,-0.329553515,0.025985543,0.376373231,0.105903789,-0.176139683,0.049488351,-0.053463295,-0.009648302,0.153523758,0.144597188,-0.006205974,0.002297567,-0.108560666,-0.042085737,0.212503806,-0.0498631,-0.030500449,0.191090837,-0.010036647,0.075715162,0.032802876,0.009522704,-0.102087744,0.070719466,-0.144409314,-0.010775764,-0.036093242,-0.063625187,0.003147115,0.074312694,-0.113795042,0.132523283,-0.02086979,0.06166232,-0.009940046,-0.09419971,-0.120224684,-0.02010393,0.130180597,-0.224228308,0.193303704,0.165050015,0.109739341,0.140359715,0.182405025,0.125754446,0.01192118,-0.015906539,-0.243438214,-0.000665946,0.105462112,-0.029611476,0.101963535,0.020704623
-0.096793883,0.063748695,0.007244792,0.00471634,-0.046272777,-0.063544758,-0.061696835,-0.164159924,0.107872128,-0.088638276,0.271620154,-0.093910985,-0.17673324,-0.14087753,-0.050748128,0.187280431,-0.222472265,-0.113973193,-0.057804402,-0.011756814,0.090396263,-0.084038198,0.06348554,0.042877179,-0.009092154,-0.357578188,-0.115788229,-0.077698305,0.082739048,-0.059071697,-0.054121677,0.023751955,-0.202762291,-0.096757807,0.00481819,0.062789991,-0.022210672,-0.082812063,0.192969516,-0.053700376,-0.202695012,0.00450248,0.061220452,0.214318693,0.189563721,0.090218604,-0.011102539,-0.129641324,0.122805901,-0.159597516,0.03542063,0.143733531,0.098699406,0.036342479,-0.000355952,-0.131421894,0.023839168,0.132026076,-0.156164587,0.01265357,0.091784388,-0.079318479,-0.031720061,-0.112410367,0.236722097,0.11375384,-0.122243695,-0.166146606,0.134231359,-0.096317619,-0.033039235,0.056881998,-0.143186271,-0.211934507,-0.28865242,0.013186545,0.394385368,0.068867542,-0.161900327,0.0186713,-0.050687019,-0.017953197,0.141570479,0.144376293,-0.005293723,-0.00867564,-0.11861781,-0.043925162,0.163258597,-0.064267501,-0.052616939,0.17302157,-0.066416852,0.0642507,0.008536689,0.046210591,-0.075557269,0.079812646,-0.168040529,-0.014811741,0.018957786,-0.029655162,-0.031155214,0.040034562,-0.069850557,0.056977071,0.011501607,0.058159783,0.011196442,-0.074608319,-0.11888323,-0.044656653,0.109324813,-0.247457683,0.230826735,0.173796475,0.080606617,0.135760039,0.132617548,0.115220994,0.005130602,-0.043955952,-0.231378049,-0.010192824,0.101688176,-0.008523623,0.069630027,-0.014349524
-0.112615712,0.159539327,0.033135913,0.005424737,-0.061362676,-0.00653535,-0.093165003,-0.17923972,0.109580077,-0.061061699,0.254535556,-0.097182184,-0.181974828,-0.14825666,-0.041464623,0.176840931,-0.261553198,-0.165446714,-0.023067573,-0.03985532,0.062942401,-0.013988383,0.060395569,0.00383368,-0.092021137,-0.342803776,-0.079028763,-0.115789786,0.109967127,-0.043439362,-0.061759688,0.008045118,-0.219920591,-0.057305187,-0.002198901,0.077460706,-0.038192376,-0.062103014,0.231039971,-0.085700035,-0.215393245,0.036337696,0.062133159,0.228391021,0.220577553,0.001462582,0.009057542,-0.175370619,0.125706851,-0.125077605,0.107359871,0.168619081,0.120365977,0.054882571,0.009258799,-0.179199949,-0.032021515,0.133285806,-0.108524412,0.01964679,0.112012573,-0.055673867,0.01225722,-0.089638747,0.220675558,0.067358315,-0.085004978,-0.217886433,0.135589316,-0.070499167,-0.027152687,0.123101167,-0.119669653,-0.186779186,-0.319117516,0.049338982,0.41333288,0.023468381,-0.190525696,0.043931231,-0.054121945,-0.064983033,0.155340418,0.144272819,-0.032957606,-0.023653954,-0.145326182,-0.004488636,0.209306777,-0.085011914,-0.058568999,0.158203304,-0.028575545,0.061620958,0.040758349,0.071733832,-0.086412661,0.100659505,-0.147056505,0.001804553,0.012031077,-0.05149553,-0.054093719,0.080361284,-0.069603592,0.077641033,0.048756186,0.049269162,-0.015913852,-0.076566674,-0.091498353,-0.052171085,0.159037963,-0.274052888,0.221937299,0.110068232,0.051284369,0.179377377,0.144316837,0.140602142,-0.00872916,-0.034071103,-0.232777536,0.023368353,0.107884631,0.006699771,0.077311523,0.056929138
-0.052975666,0.092862248,0.057309635,-0.061452419,-0.098488502,-0.019748455,-0.053395174,-0.174037263,0.105353877,-0.163133726,0.197672337,-0.124046445,-0.21314685,-0.066590287,-0.052642621,0.171104878,-0.145556122,-0.131323397,-0.063622996,-0.0212142,0.057360537,0.046019923,0.024347303,0.010927802,-0.07787504,-0.354760945,-0.131608069,-0.074881993,0.070481621,-0.044374935,-0.072840832,0.043160461,-0.148108765,-0.04659339,0.014671438,0.063348353,-0.004521069,-0.048260868,0.20096001,-0.020499039,-0.261497021,0.098399423,0.076580584,0.233006552,0.194143206,0.028008852,0.038341329,-0.199139565,0.14235279,-0.132821679,0.012438484,0.13533476,0.093933657,0.047857612,0.025334101,-0.101282075,0.020231191,0.109755717,-0.13170892,0.05187672,0.148359239,-0.053634576,-0.021020178,-0.095922656,0.200776264,0.004730368,-0.118279278,-0.225738004,0.13231501,-0.193511471,-0.117692493,0.090536073,-0.127920553,-0.14294976,-0.318819851,0.006865595,0.382324338,0.131806403,-0.220838755,0.069425732,-0.052168649,-0.023586715,0.153802827,0.163508728,-0.013552976,0.014303163,-0.099262476,-0.045667484,0.262097508,-0.073113181,-0.019265557,0.214398623,0.025887037,0.115864038,0.014542229,0.055580061,-0.141942695,0.010429665,-0.162667349,-0.027009323,0.030555587,-0.035728838,-0.02818634,0.144099027,-0.166160867,0.241647184,-0.052130349,0.019843025,0.011708742,-0.008352637,-0.054362655,-0.005444735,0.170191139,-0.214546382,0.14097926,0.180510283,0.08480978,0.08382161,0.170812488,0.086466573,-0.026031179,0.022248674,-0.274375826,-0.075642414,0.100923888,-0.083444089,0.084437162,0.016021283
-0.070848018,0.114620909,0.019419283,0.019246215,-0.064488515,-0.043693107,-0.041560847,-0.217064038,0.077061459,-0.07175681,0.239257306,-0.104279891,-0.221946403,-0.128010616,-0.055257697,0.19028981,-0.140627742,-0.111965366,-0.078955762,-0.024883308,0.050168801,-0.011586908,0.058337238,0.038671393,-0.028306767,-0.315797955,-0.134906679,-0.093231246,0.078871518,-0.03490087,-0.085493252,0.040169884,-0.148367286,-0.120204642,0.066697277,0.091255099,-0.042125981,-0.073973805,0.187826619,-0.072642632,-0.180880323,0.068952903,0.106127404,0.241279185,0.208705351,0.07818529,0.038306221,-0.175671712,0.140820965,-0.132454365,0.070788085,0.118757233,0.107625157,0.079782411,0.029148314,-0.129934251,0.020791097,0.140560061,-0.123772241,0.0123802,0.125982836,-0.032377321,-0.032870244,-0.089775562,0.208724037,0.067093268,-0.116746202,-0.185282737,0.141229302,-0.167818755,-0.102633715,0.055820532,-0.160369828,-0.135478303,-0.335834175,0.012528745,0.409370929,0.097645506,-0.184055641,0.022728425,-0.033275045,0.004437871,0.134930506,0.126209766,-0.00801141,-0.04898366,-0.11010848,-0.076873019,0.229499176,-0.066472813,-0.053074516,0.175316915,0.003179665,0.067068681,0.026303746,0.059560973,-0.082350127,0.010889873,-0.170681208,-0.036820963,0.001045889,-0.025715509,-0.033965185,0.112519078,-0.139566422,0.143571869,-0.004563558,0.070684612,0.021048579,-0.043903891,-0.099148281,-0.010059205,0.147141203,-0.230284184,0.198398873,0.165979773,0.072850771,0.071621031,0.131766677,0.103355169,0.000297061,-0.012966648,-0.244585276,-0.082347214,0.109997667,-0.03560055,0.053579859,0.017114354
-0.112668656,0.123335309,0.038410585,-0.063520201,-0.102424927,-0.070142366,-0.028727168,-0.178478032,0.136594087,-0.096274503,0.222089991,-0.111457609,-0.139066547,-0.119141988,-0.017043542,0.202393308,-0.179035991,-0.163215697,-0.078400709,-0.013390013,0.066840589,-0.023475977,0.043435849,0.040273711,-0.08197663,-0.337338448,-0.144017637,-0.042474438,0.087450683,-0.066662863,-0.033648349,0.030318929,-0.198337004,-0.096838117,0.016914804,0.114015803,-0.042967632,-0.107603252,0.200468183,-0.050236724,-0.25477469,0.062945224,0.070303448,0.239600077,0.255290031,0.005007396,0.024377776,-0.165359065,0.1534051,-0.104666583,0.04740607,0.11481797,0.073940367,0.071269482,0.015899327,-0.099078223,0.040254552,0.158383787,-0.162580386,-0.0155443,0.141293138,-0.050468177,-0.02845796,-0.077781804,0.180918127,0.088806659,-0.10241387,-0.257256091,0.170385912,-0.13467215,-0.089766681,0.083390631,-0.144119903,-0.154055491,-0.338698179,0.006041343,0.412719429,0.08482933,-0.223762199,0.018800033,-0.033214111,0.0038226,0.162011817,0.15261519,-0.008193486,-0.008626235,-0.155827597,-0.03515587,0.221788183,-0.038908634,-0.080045074,0.193453893,0.030933615,0.075029582,0.0354864,0.092444263,-0.09876211,0.084172621,-0.193609729,-0.028605875,0.04971157,0.010197884,-0.048844542,0.148241833,-0.080361508,0.216327697,0.025712909,0.098279297,-0.050702184,-0.037721995,-0.087182857,-0.010697044,0.116893098,-0.216497198,0.168524861,0.15629524,0.0358436,0.092074864,0.166175738,0.098467857,0.01044744,-0.013151857,-0.253063202,-0.017334841,0.077370562,-0.012168463,0.101889305,0.067106247
-0.059137236,0.118439667,0.018024474,-0.018522702,-0.033619795,-0.074773699,-0.035512507,-0.15416421,0.115981288,-0.08791437,0.213880897,-0.108924441,-0.174189389,-0.165062636,-0.042368457,0.151966572,-0.197216123,-0.168661684,-0.014870743,0.002947099,0.11573559,-0.033612523,0.019036869,0.006754534,-0.062548198,-0.340212435,-0.160087153,-0.087714896,0.066726528,-0.04712256,-0.055942334,0.037864272,-0.16277732,-0.096710771,0.053477362,0.089216679,-0.014301252,-0.068052001,0.203873396,-0.029037941,-0.164534971,0.034986559,0.071261585,0.286150128,0.20872952,0.07061936,0.009391918,-0.158632338,0.137215286,-0.136497393,0.066212907,0.17291446,0.103834778,0.10183984,0.042904075,-0.110243805,0.06584388,0.085602202,-0.140651569,-0.002544615,0.1112919,-0.064914219,-0.020727905,-0.085385159,0.241232052,0.024701729,-0.104418918,-0.199947998,0.15967685,-0.134804547,-0.102103338,0.046348639,-0.159440577,-0.129197359,-0.316769063,0.014525576,0.402832121,0.106006585,-0.197667092,0.072423123,-0.085918829,-0.01500755,0.154369235,0.133611187,-0.005479852,0.000880968,-0.145774812,-0.044101719,0.215858161,-0.084342197,-0.061771423,0.148110181,-0.006315814,0.099267878,0.035263006,-0.00660933,-0.061350845,0.06185022,-0.168507278,-0.018221408,0.026579849,-0.034958258,-0.06307631,0.141779646,-0.129519746,0.120080493,0.035987258,0.037522458,-0.02589367,-0.058006003,-0.120847613,-0.028621178,0.113638029,-0.270731688,0.19896093,0.165915146,0.078304209,0.101657987,0.119590998,0.100669064,-0.007735913,-0.046954356,-0.245174333,-0.03730825,0.074864343,0.032369979,0.042780921,0.020592697
-0.089995801,0.06033675,0.060809117,0.007007164,-0.04702387,-0.066729799,0.008367893,-0.120000228,0.12851423,-0.091209956,0.195700571,-0.101482034,-0.221525908,-0.111507654,-0.048577972,0.197016403,-0.146023333,-0.138109416,-0.061380588,0.004571098,0.106844738,-0.003592819,0.024551407,0.038902048,-0.054584414,-0.338508427,-0.10080862,-0.050785702,0.033349622,-0.051207464,-0.052064184,0.021525539,-0.202775002,-0.090931326,0.027755089,0.084841236,-0.030635066,-0.100444213,0.212443113,-0.059095051,-0.257944584,0.010747222,0.111883782,0.227937862,0.195828214,0.049489427,-0.009530623,-0.148964792,0.119180791,-0.153016269,0.054033708,0.122798644,0.109441228,0.052842848,0.012066059,-0.118868887,0.023726866,0.119726144,-0.160944715,0.024095364,0.086395383,-0.089797854,-0.021005036,-0.063899778,0.195949182,0.021328963,-0.104038708,-0.196308881,0.166861936,-0.182325542,-0.060910184,0.087289765,-0.128627032,-0.176202327,-0.348267972,-0.008792672,0.374591708,0.050475858,-0.180643022,0.052498769,-0.037576385,-0.010395518,0.149080008,0.168100014,0.023951519,-0.006556767,-0.124726392,-0.025408579,0.258615494,-0.067413993,-0.069449745,0.17840293,0.005143574,0.015747046,0.009875054,0.039338987,-0.047012515,0.046515949,-0.176785663,-0.012299526,0.053613618,-0.023770163,-0.047031164,0.115830146,-0.153956741,0.087499924,0.022235278,0.020913834,0.028879015,-0.06051499,-0.160733178,-0.048779603,0.130802378,-0.225390196,0.208428308,0.164018795,0.06645932,0.080972612,0.113687903,0.088423401,0.035227798,-0.040367682,-0.240856677,-0.032052852,0.1191421,-0.020808855,0.109389089,0.020809572
-0.066774279,0.091391534,0.050469205,0.020541243,-0.007160785,-0.127198771,-0.05309777,-0.201838225,0.10768117,-0.107580103,0.192186967,-0.102273501,-0.178240955,-0.14165172,-0.018312901,0.186923698,-0.204173133,-0.132912278,-0.079714268,-0.024506709,0.073507711,0.02696174,0.041810922,0.017778758,-0.045368958,-0.358063281,-0.117888682,-0.104490124,0.059044868,-0.028374441,-0.09970063,0.047003683,-0.179676622,-0.114720166,0.068306819,0.093949422,-0.055361304,-0.079604901,0.187535852,-0.031136706,-0.212310195,0.022460459,0.114120498,0.237862825,0.201819599,0.0434644,0.01983197,-0.163486362,0.128359079,-0.13013725,0.072165802,0.118769437,0.125763595,0.127605155,0.065619968,-0.138620287,0.028443389,0.107428424,-0.161381125,0.046461508,0.153859198,-0.088894129,-0.02547919,-0.047343262,0.22719951,0.057392508,-0.120980754,-0.15676178,0.092802197,-0.164490551,-0.078030065,0.057647448,-0.114414364,-0.180475071,-0.319751054,0.012123553,0.360795677,0.111572824,-0.18859902,0.026831962,-0.02552191,-0.036393095,0.18367447,0.170504749,-0.010880777,0.048512392,-0.083159149,-0.015996259,0.205591515,-0.044569608,-0.061315618,0.194244981,-0.038074642,0.062761083,0.016006688,0.004134159,-0.077345915,0.02059933,-0.174414173,-0.040851653,0.037794869,-0.023665201,-0.037994016,0.078770891,-0.08844655,0.098250687,0.020577841,0.037831992,0.002080675,-0.061597686,-0.125049025,-0.044618979,0.105134882,-0.225023314,0.222862467,0.155066907,0.077173598,0.119834319,0.105044611,0.079362825,0.007191535,-0.052536987,-0.20952557,-0.023756102,0.142587483,0.035943918,0.111020006,-0.008922081
-0.109384738,0.121115543,0.092812009,0.008200293,-0.033655278,-0.034056965,-0.047756784,-0.165534139,0.097918645,-0.142026439,0.221177727,-0.103147261,-0.170621648,-0.05899892,-0.025262862,0.134370953,-0.135866627,-0.151896909,-0.071581244,0.033928171,0.115191355,-0.013803965,0.000372678,0.022704482,-0.128847525,-0.264652699,-0.109554596,-0.042983387,0.085071355,-0.074457437,-0.092416674,-0.022904612,-0.205441833,-0.054613419,0.017370746,0.137793362,0.002567306,-0.060878605,0.189834654,-0.077459276,-0.258173585,0.079785518,0.05549781,0.202961773,0.233378917,0.061248697,-0.03660842,-0.191899642,0.144579887,-0.163177386,0.098894253,0.133177906,0.129806146,0.095107153,0.036887806,-0.146081001,0.025418803,0.148788378,-0.144164711,0.036148068,0.10700319,-0.027923223,0.027830085,-0.095643796,0.151288733,0.067897022,-0.090492733,-0.237525493,0.173838943,-0.206426784,-0.110616647,0.113223813,-0.086499274,-0.170829147,-0.323683232,-0.010014031,0.366328537,0.160113752,-0.260899067,0.048369721,-0.02891808,-0.030305667,0.152854756,0.128215596,0.00880613,-0.001502689,-0.102318935,-0.083121151,0.284149975,-0.005850514,-0.038169559,0.201425165,0.020059504,0.032299157,0.039687175,0.010584724,-0.083423331,0.026384411,-0.185920089,-0.053350318,-0.036673501,-0.023079071,-0.064952828,0.175869897,-0.180682212,0.208362073,-0.01629395,0.046555191,0.011621501,0.006243463,-0.098524682,-0.010358402,0.149891719,-0.26873821,0.180838913,0.165100619,0.065832689,0.072808243,0.145145923,0.133254632,0.044468969,0.037063178,-0.28392154,-0.071649522,0.086754546,-0.083886392,0.084043525,0.055381387
-0.118462533,0.146974489,0.031411204,-0.003841562,-0.07380265,-0.023633206,-0.051891342,-0.155406877,0.106098488,-0.086753711,0.258817226,-0.054249085,-0.289178491,-0.088851616,-0.068997011,0.177962601,-0.21874401,-0.194217697,-0.031815391,-0.02255651,0.128880396,0.016680328,-0.030555297,-0.000694922,-0.08141043,-0.302297145,-0.079314895,-0.029587196,0.080886155,-0.112853952,-0.005540987,-0.05262626,-0.217648253,-0.027999287,0.019587241,0.113709837,-0.050076697,-0.10612841,0.238641024,-0.034213033,-0.273360491,0.012635821,0.093399227,0.268510848,0.202762976,0.031542372,-0.039422255,-0.183750123,0.10586296,-0.170266852,0.0839919,0.208403334,0.125180826,0.093356535,-0.006731023,-0.165029481,-0.028308015,0.143284261,-0.164332658,0.015217929,0.131207302,-0.096520469,0.016461307,-0.145156652,0.190091476,8.18E-05,-0.143197387,-0.200071469,0.118769348,-0.191302568,-0.128454223,0.098201521,-0.08927878,-0.217379555,-0.358904749,0.059508272,0.388373673,0.111927792,-0.156992599,0.075900704,0.013236106,-0.071855165,0.124624915,0.175802141,-0.01331993,0.044106316,-0.111373186,-0.006401267,0.253784657,-0.051906377,-0.048225213,0.201987937,-0.049330197,0.040885191,0.036928166,0.079975992,-0.070635371,0.044752121,-0.132452235,-0.038529549,0.02542704,-0.09817414,-0.002442597,0.108389951,-0.105656758,0.105259366,0.01955466,0.037688147,0.003417279,-0.0474758,-0.138914406,-0.061063912,0.171471968,-0.280844092,0.27191481,0.171983913,0.066576742,0.118835181,0.186327547,0.138936549,0.001609315,-0.039867379,-0.21905981,-0.047548924,0.079340242,-0.005866604,0.157803997,0.025592173
-0.099285752,0.096387751,0.073539607,-0.019639444,-0.072519526,-0.054862902,-0.054447472,-0.15088138,0.086874433,-0.105063573,0.220331565,-0.100591086,-0.184626803,-0.135811806,-0.069386773,0.197534829,-0.158081442,-0.139397427,-0.037664894,-0.021421343,0.117013544,-0.011248146,0.018338598,0.016195931,-0.035221685,-0.351747036,-0.137725368,-0.049980808,0.090820119,-0.034568071,-0.058806624,0.010210783,-0.204455242,-0.094126612,0.009287563,0.056865826,-0.033312272,-0.097525418,0.176966012,-0.062450141,-0.197649479,0.040007263,0.093248703,0.239068076,0.212276831,0.054242112,0.037452199,-0.133929893,0.132724807,-0.129000798,0.063985988,0.145845652,0.097908102,0.092879377,0.016608777,-0.083984487,0.035238668,0.137716368,-0.1207515,0.051064666,0.11675439,-0.07556688,-0.0321339,-0.087048538,0.204664573,0.01843241,-0.116957121,-0.201367974,0.135764152,-0.137925804,-0.071887597,0.030978892,-0.160431579,-0.132956967,-0.336574763,0.043118238,0.364810348,0.063998155,-0.16280748,0.082941279,-0.031175576,0.008806317,0.13483429,0.152099878,-9.32E-05,-0.013818058,-0.100394353,-0.016808581,0.215051904,-0.073067382,-0.038069371,0.208138615,-0.025230888,0.040390633,0.017086908,0.080877915,-0.062516421,0.050551582,-0.109510288,0.01852938,0.078959711,-0.063225798,-0.033113409,0.095663548,-0.129570514,0.120039493,-0.016329154,0.112847842,0.032006033,-0.066666164,-0.142057225,-0.034966644,0.115945265,-0.21176362,0.219590127,0.170759052,0.052070469,0.088264123,0.157461971,0.110732689,0.021986064,-0.033510137,-0.212492958,-0.048865423,0.110278837,-0.013435001,0.059463065,0.038781822
-0.138191298,0.126345247,0.061637007,0.04294613,-0.080671661,0.020672876,-0.079058327,-0.149538517,0.108004443,-0.086116329,0.22577554,-0.018801589,-0.235429242,-0.067778572,-0.071026236,0.153673142,-0.177915648,-0.158631995,-0.059412941,-0.002565212,0.103307933,0.034545463,-0.010369635,0.017860025,-0.097011045,-0.35714826,-0.08662457,-0.116921306,0.069572881,-0.090092033,-0.090004705,-0.067452632,-0.218570217,-0.054663323,0.012075879,0.116298839,0.025290748,-0.05755683,0.187105224,-0.040071521,-0.236550748,0.03295679,0.061788619,0.218024611,0.217318937,0.061202072,-0.022789802,-0.182677597,0.104392774,-0.156930164,0.098179795,0.164352089,0.137606248,0.117271237,-0.000633022,-0.171593383,-0.009659551,0.084734626,-0.177247822,0.005533264,0.102230176,-0.050709903,-0.027387692,-0.109639086,0.203772128,0.048180621,-0.130537197,-0.201616138,0.151911974,-0.189810812,-0.097698912,0.064248025,-0.09585271,-0.185174614,-0.341539681,0.066677108,0.450746119,0.16910404,-0.279938847,0.020957002,-0.090921707,-0.052859951,0.111907236,0.121421762,0.024728054,0.010935643,-0.11406412,-0.033100799,0.203241095,-0.010976348,-0.025860544,0.169914365,-0.007251548,0.048808124,0.062932029,0.135178238,-0.131704122,0.020081276,-0.150635049,-0.061025776,0.003952064,-0.024055677,-0.015067017,0.130934089,-0.12594834,0.192781851,-0.000751907,-0.006938264,0.027828824,-0.014333693,-0.10609474,-0.052730516,0.180495083,-0.266268015,0.237802878,0.149808854,0.020298179,0.169103742,0.119670212,0.185989425,-0.050755139,-0.013146259,-0.26784721,-0.109040156,0.067131132,-0.042949367,0.106088743,0.034522783
-0.101155907,0.207784116,0.058050096,-0.047074147,-0.053668454,-0.018425949,-0.019286605,-0.04562765,0.237867266,-0.007441549,0.227726921,-0.017744556,-0.235769346,-0.036444463,-0.098194167,0.116073065,-0.174730554,-0.106540821,-0.087557465,-0.019178014,0.068360947,-0.009869106,0.078429163,0.005846876,-0.097269088,-0.354922295,-0.11174418,-0.140956312,-0.009998813,-0.208515197,0.03684539,-0.032293685,-0.216837719,-0.086640723,-0.076781534,0.012951551,-0.0528064,-0.078378573,0.136247069,0.013925101,-0.167551205,-0.038454488,0.023045953,0.282006502,0.169995263,0.071439072,-0.039808113,-0.067324921,0.057707023,-0.15413186,0.119581372,0.138116568,0.112497717,0.098989345,0.089759141,-0.042411409,0.043027557,0.12507239,-0.205071583,-0.001412407,0.113755047,-0.01584802,-0.030712899,-0.077427015,0.210878894,0.134819463,-0.091492839,-0.090696573,0.09769582,-0.115649752,-0.04884728,0.031165767,-0.066029198,-0.16956906,-0.233824313,0.058280457,0.331580788,0.123060837,-0.163930267,-0.037779152,-0.140708536,-0.04155279,0.001906314,0.002283493,-0.113222487,0.026637763,-0.133517712,-0.016527936,0.149867415,-0.022095243,-0.052705832,0.165462837,-0.065740868,-0.08676789,0.025317376,0.032303248,-0.152951434,0.047369979,-0.128488168,-0.053935748,0.034114152,-0.105437599,-0.133087337,0.032078251,-0.158078581,0.093246296,0.065553784,-0.045456477,-0.013146956,-0.009544171,-0.153410256,-0.080882967,0.175745964,-0.239839852,0.245577052,0.118077062,-0.004749818,0.147363484,0.073931791,0.136241317,-0.059400305,-0.045026366,-0.09464705,-0.098922372,0.099631399,0.044218492,0.091003604,0.002054924
-0.089938217,0.173695639,0.037464189,-0.020463105,-0.103698822,-0.044200494,-0.037910695,-0.098349679,0.119124565,-0.039957114,0.224868786,-0.028694879,-0.202195689,-0.097634915,-0.022309885,0.155686658,-0.213077087,-0.112463408,-0.094595365,-0.009903713,0.129088312,0.037877442,0.045095309,0.063445753,-0.066030507,-0.368787438,-0.046188432,-0.083275061,0.022708173,-0.041124127,-0.036148447,0.008725556,-0.228359044,-0.089657655,0.016039171,0.063880695,-0.020225541,-0.073325103,0.187799122,-0.00993003,-0.211272355,0.099004081,0.046042991,0.263358973,0.218694139,0.04599771,0.04006203,-0.129413053,0.131140655,-0.194254644,0.080288883,0.168907117,0.089979365,0.05085596,0.02524265,-0.156960301,0.041419094,0.094646696,-0.149463139,0.012256219,0.121728722,-0.057456438,-0.002744686,-0.075656998,0.196543861,0.05966304,-0.08463756,-0.190076318,0.066022318,-0.136056114,-0.099031353,0.072733366,-0.163642928,-0.169948805,-0.340308033,0.062371898,0.420970693,0.135727149,-0.221621506,0.008405138,-0.087877175,0.026953013,0.159345239,0.102527134,-0.025660654,-0.022596182,-0.168925855,0.04139353,0.226949282,-0.04124741,-0.096314049,0.239324171,0.04698283,0.037336912,0.017849281,0.025374671,-0.065139217,0.052225662,-0.162219878,0.01185616,0.043682523,-0.023464439,-0.056965806,0.105298636,-0.171917114,0.087768883,-0.010629417,0.028040882,-0.024560276,-0.043888263,-0.159089923,-0.020403175,0.119548984,-0.209583078,0.246662918,0.181578487,0.080128484,0.121855119,0.12568197,0.056745799,-0.003861805,-0.040547502,-0.207648229,-0.050452468,0.126081083,0.025227658,0.112189444,0.02437251
-0.030545852,0.079598844,-0.04280939,-0.041202952,-0.085478637,0.026908893,-0.091474852,-0.06588176,0.157126285,-0.138785202,0.155413594,-0.016340023,-0.211570621,-0.059000933,-0.017629573,0.151890412,-0.224794466,-0.187392581,0.00346292,-0.02503864,0.082276799,0.053610669,0.00155022,0.056562838,-0.104997935,-0.313987583,-0.10356926,-0.074346013,0.039128728,-0.078285322,-0.076933436,0.01031016,-0.171788324,-0.021884096,0.084762968,0.093966637,-0.01066254,-0.04972692,0.192774899,0.012426704,-0.208386626,0.06124158,0.040416676,0.238531988,0.196765713,0.063949009,-0.043249999,-0.167495575,0.117772862,-0.153718103,0.096260577,0.219164886,0.097461822,0.091819341,-0.007724,-0.122768946,0.033457516,0.125610348,-0.118343042,0.005818852,0.077999875,-0.046897204,0.056693675,-0.039692817,0.198715713,0.04463861,-0.086822705,-0.254581247,0.091842748,-0.197801013,-0.158736929,0.072540294,-0.134732796,-0.169685189,-0.278329529,0.009708211,0.342181526,0.150041848,-0.18511482,0.083962407,-0.011588552,-0.039262235,0.157910362,0.147284206,-0.048337467,-0.020927713,-0.101116279,-0.000344216,0.269801453,-0.027916521,-0.076273909,0.167864356,-0.004329095,0.110825863,0.078322371,0.031444177,-0.04731465,0.036594674,-0.156011902,-0.049513434,0.00533806,-0.01369986,-0.040498819,0.175133456,-0.131151652,0.12587047,-0.032390244,-0.008310226,-0.009118275,0.044076054,-0.125627205,-0.065216937,0.135130079,-0.232256088,0.234055109,0.166887339,0.090798834,0.101763992,0.121539729,0.104029553,-0.016180544,-0.042819614,-0.242564395,-0.040234168,0.0941462,0.008331796,0.112630391,-0.002008808
-0.097977142,0.139981113,-0.017632698,-0.050991849,-0.13281964,-0.020580096,-0.081303808,-0.082104164,0.150037271,-0.114942215,0.212452248,0.008623916,-0.202364961,-0.082145625,-0.031101088,0.180594971,-0.148014337,-0.171345542,-0.036366054,-0.009097752,0.146489799,0.08907561,-0.025479953,0.047698098,-0.105011935,-0.325204323,-0.091241779,-0.014919281,0.053065613,-0.076224511,-0.060170275,0.021017191,-0.24023885,-0.077711787,0.069042269,0.108245989,-0.021365321,-0.061308432,0.188254933,0.022495143,-0.250607053,0.101132455,0.076643849,0.248636534,0.180155575,0.009161889,0.025350443,-0.177142267,0.112244062,-0.135691109,0.065142281,0.18340301,0.102069549,0.080355935,-0.032575456,-0.126793496,0.025328417,0.125216715,-0.182865217,-0.015871083,0.132424434,-0.073289435,-0.044234804,-0.085748936,0.143315626,0.045068687,-0.067310403,-0.287961284,0.113895009,-0.199143127,-0.125226527,0.113457665,-0.133188563,-0.173214326,-0.308548381,0.038865161,0.345582565,0.159301619,-0.177168285,0.09841423,0.010759144,-0.018968405,0.132002681,0.121384251,0.010756023,0.029310896,-0.101971942,0.067645242,0.279257943,-0.015082146,-0.044391431,0.207611238,0.074380849,0.088996403,0.057658856,0.056068591,-0.049563932,0.001550814,-0.164413323,-0.01049619,-0.024129093,0.00288301,-0.034971928,0.139062996,-0.115493851,0.175029735,-0.019745088,0.011348539,-0.072341993,-0.014835882,-0.095849849,-0.035560846,0.089538706,-0.177261492,0.235365073,0.144160817,0.085775129,0.099871598,0.144929864,0.069963419,-0.000785244,-0.063791377,-0.252640883,-0.064233943,0.105496476,-0.048283609,0.150813818,-9.63E-05
-0.076723838,0.157672182,0.003854988,-0.021519294,-0.091850949,-0.011420054,-0.053464336,-0.098170189,0.160908153,-0.066634038,0.245349174,-0.051999284,-0.194733093,-0.056378301,-0.066076222,0.165536096,-0.208426928,-0.073938675,-0.024506352,-0.002929461,0.109989218,0.0430697,0.009406594,0.02670325,-0.084600794,-0.254969945,-0.071806395,-0.037790311,0.025049969,-0.069396652,-0.028476067,0.011449452,-0.195040916,-0.041177177,0.021967684,0.034327404,-0.028334783,-0.046236801,0.199162056,-0.031099219,-0.217707018,0.045639694,0.034431238,0.239784693,0.14627779,0.052128583,-0.03766593,-0.145587578,0.074331793,-0.199551607,0.116147252,0.165880849,0.073132699,0.021546855,-0.013079312,-0.153710872,0.005386532,0.133722236,-0.121005719,-0.004189087,0.103513047,-0.06224634,-0.01299101,-0.03194825,0.184876089,0.098579645,-0.083338872,-0.198580349,0.075199244,-0.110542511,-0.112818492,0.065315208,-0.085685489,-0.207183828,-0.333246956,0.053097056,0.38983953,0.093454604,-0.209791342,0.069209946,-0.045119241,-0.005851381,0.174274827,0.097331345,-0.061932949,-0.015832664,-0.145471017,0.010567335,0.224803835,-0.082198416,-0.087233732,0.217022737,0.011705669,0.013224209,0.015655978,0.042287116,-0.015953649,0.051197099,-0.128849079,-0.027571485,0.141067691,-0.031611253,-0.066315949,0.151722625,-0.226889357,0.112462121,0.024914746,-0.014706414,0.035525703,-0.039319734,-0.128992644,-0.016025092,0.148421784,-0.240560924,0.247301067,0.123761624,0.050263977,0.156663294,0.153560375,0.07923232,0.032822894,-0.052433758,-0.191140175,-0.065253192,0.129619693,0.019313045,0.119962598,0.040266351
-0.027886537,0.057864662,0.069843133,-0.012960108,-0.0437718,-0.060392588,-0.050982563,-0.183325924,0.083117624,-0.096476503,0.188550517,-0.084190335,-0.191680569,-0.112417297,-0.013921718,0.167419717,-0.120346529,-0.14501836,-0.059152655,-0.012034291,0.073428288,0.009935499,0.015325811,-0.021694788,-0.071300792,-0.293534763,-0.123142466,-0.07437068,-0.018470606,-0.053713843,-0.063679338,0.021062107,-0.17016609,-0.071944341,0.048012802,0.068800909,-0.015113638,-0.098294357,0.159488279,-0.028635449,-0.21754095,0.059764914,0.077653629,0.192803845,0.150523525,0.044924248,0.01273881,-0.145113626,0.122844381,-0.088701742,0.057514551,0.116330627,0.095053299,0.072736448,0.017904428,-0.126125149,0.030178599,0.131639341,-0.142647542,-0.004828047,0.107144682,-0.046592987,-0.03060808,-0.072776719,0.18270576,0.075111337,-0.092833249,-0.173465446,0.102464341,-0.105616193,-0.092876533,0.018185812,-0.168763369,-0.141745422,-0.258675121,0.004450502,0.337459341,0.025264703,-0.217241794,0.020466898,-0.043715595,0.013350269,0.136085786,0.108768098,0.02618091,0.021018621,-0.075603061,-0.044391427,0.225340411,-0.080896001,-0.023455362,0.162824158,-0.032435033,0.023419209,0.016389944,0.014170265,-0.057104036,0.069865041,-0.130625748,-0.029784285,0.04083771,-0.045960638,-0.031586397,0.111197144,-0.163032576,0.112419441,0.027837302,0.040212917,0.032848715,-0.028971787,-0.083258498,-0.055718828,0.114272596,-0.218969245,0.202789079,0.165692892,0.030135558,0.085775224,0.078218074,0.114536995,-0.008380234,-0.00603765,-0.239137776,-0.047449369,0.112174153,0.041151742,0.049520316,0.01791579
-0.090850982,0.101835601,0.064893736,-0.050589733,0.040705244,0.008693173,-0.05535803,-0.08153787,0.206296608,-0.165830726,0.262163257,0.067724049,-0.186609606,-0.124999101,0.090246071,0.10602578,-0.177000845,-0.076393629,-0.097677891,-0.054169988,0.047112075,0.014278664,0.061438551,0.00868701,-0.125396197,-0.355835706,-0.075238193,-0.137279272,0.002594404,-0.134662924,-0.059392081,-0.036559502,-0.176898643,-0.050430037,-0.060268731,-0.01056756,-0.020496446,-0.01883979,0.174664507,0.02592766,-0.141712412,0.065883602,-0.012352435,0.181026593,0.26244248,0.084529508,-0.000848963,-0.07826385,0.106350087,-0.256615783,0.046524989,0.123188918,0.08150393,0.050942695,0.085270075,-0.19640325,-0.020033279,0.082419661,-0.160839707,0.044649187,0.027003239,-0.062579277,-0.022979122,0.043870959,0.222469812,0.112115242,-0.134286049,-0.061924797,0.098622029,-0.08452557,0.004182483,0.021961845,-0.141867707,-0.232607489,-0.232761299,0.082046546,0.293530931,0.16845874,-0.189340214,0.028105048,-0.190529168,0.043445063,0.062477962,0.011512793,-0.057651905,-0.097460429,-0.063380646,-0.002181202,0.116179191,0.040694167,-0.019194276,0.228708719,-0.047003051,0.024145203,-0.003267705,0.02151257,-0.133821929,-0.022293458,-0.121461893,-0.049359226,0.00010818,-0.067876277,0.002421959,0.112300836,-0.2463161,0.148975025,-0.018157425,-0.021026776,0.051750919,0.050870126,-0.065735074,-0.017271212,0.081603867,-0.264624521,0.229541183,0.225344961,0.023360743,0.210640048,0.079422981,0.091922286,-0.049851863,0.021247953,-0.187934374,-0.055495908,0.038171718,0.053525443,0.080609885,0.016750142
-0.092790095,0.083261408,0.00470516,-0.043655774,-0.153720245,-0.017203422,-0.043984448,-0.122816513,0.16662471,-0.131778059,0.175729727,-0.044217944,-0.160285135,-0.068903934,-0.04373724,0.204257245,-0.174468935,-0.198256537,-0.015996714,-0.023896224,0.059816868,0.034050841,-0.035101591,0.072271563,-0.097943902,-0.345161796,-0.103545311,-0.049148519,0.065805702,-0.055393842,-0.058248845,0.051120405,-0.221127157,-0.077203748,0.054224132,0.104117883,0.022124732,-0.038889342,0.164000342,-0.017519359,-0.288978895,0.092306444,0.094704866,0.247614091,0.175458382,0.099670949,-0.027211443,-0.138537069,0.121100997,-0.18199948,0.062866154,0.141978003,0.033083672,0.044598603,-0.019779054,-0.16852956,0.040085674,0.091362303,-0.164786076,0.009428256,0.102636422,-0.061698332,0.038063039,-0.04408366,0.227138231,0.068574488,-0.05916076,-0.220085129,0.11085662,-0.213733271,-0.092021359,0.072779498,-0.105025346,-0.146614994,-0.329818964,0.005121949,0.395990849,0.142521222,-0.168958247,0.086422743,-0.015401015,0.01649037,0.184798022,0.111152194,-0.012182306,0.000288135,-0.130794088,-0.013159044,0.294678966,-0.000268236,-0.034528508,0.224687174,0.008409514,0.084903983,0.034483168,0.079804799,-0.08363569,0.026740503,-0.148995121,-0.041232577,0.056945762,0.034165076,-0.005324411,0.171242744,-0.193519145,0.157540823,-0.047730397,0.044240975,-0.025022477,0.024248282,-0.082387062,-0.016602772,0.130015065,-0.199122836,0.254469126,0.168479284,0.034401983,0.109778201,0.146170219,0.036592202,-0.025878126,-0.072691984,-0.237340073,-0.052799989,0.114288663,-0.105939299,0.154170997,0.04661096
0,,,,,,,,,,,,,,,,,,,,,,,,,,,,,,,,,,,,,,,,,,,,,,,,,,,,,,,,,,,,,,,,,,,,,,,,,,,,,,,,,,,,,,,,,,,,,,,,,,,,,,,,,,,,,,,,,,,,,,,,,,,,,,,
0,,,,,,,,,,,,,,,,,,,,,,,,,,,,,,,,,,,,,,,,,,,,,,,,,,,,,,,,,,,,,,,,,,,,,,,,,,,,,,,,,,,,,,,,,,,,,,,,,,,,,,,,,,,,,,,,,,,,,,,,,,,,,,,
0,,,,,,,,,,,,,,,,,,,,,,,,,,,,,,,,,,,,,,,,,,,,,,,,,,,,,,,,,,,,,,,,,,,,,,,,,,,,,,,,,,,,,,,,,,,,,,,,,,,,,,,,,,,,,,,,,,,,,,,,,,,,,,,
0,,,,,,,,,,,,,,,,,,,,,,,,,,,,,,,,,,,,,,,,,,,,,,,,,,,,,,,,,,,,,,,,,,,,,,,,,,,,,,,,,,,,,,,,,,,,,,,,,,,,,,,,,,,,,,,,,,,,,,,,,,,,,,,
0,,,,,,,,,,,,,,,,,,,,,,,,,,,,,,,,,,,,,,,,,,,,,,,,,,,,,,,,,,,,,,,,,,,,,,,,,,,,,,,,,,,,,,,,,,,,,,,,,,,,,,,,,,,,,,,,,,,,,,,,,,,,,,,
0,,,,,,,,,,,,,,,,,,,,,,,,,,,,,,,,,,,,,,,,,,,,,,,,,,,,,,,,,,,,,,,,,,,,,,,,,,,,,,,,,,,,,,,,,,,,,,,,,,,,,,,,,,,,,,,,,,,,,,,,,,,,,,,
0,,,,,,,,,,,,,,,,,,,,,,,,,,,,,,,,,,,,,,,,,,,,,,,,,,,,,,,,,,,,,,,,,,,,,,,,,,,,,,,,,,,,,,,,,,,,,,,,,,,,,,,,,,,,,,,,,,,,,,,,,,,,,,,
0,,,,,,,,,,,,,,,,,,,,,,,,,,,,,,,,,,,,,,,,,,,,,,,,,,,,,,,,,,,,,,,,,,,,,,,,,,,,,,,,,,,,,,,,,,,,,,,,,,,,,,,,,,,,,,,,,,,,,,,,,,,,,,,
0,,,,,,,,,,,,,,,,,,,,,,,,,,,,,,,,,,,,,,,,,,,,,,,,,,,,,,,,,,,,,,,,,,,,,,,,,,,,,,,,,,,,,,,,,,,,,,,,,,,,,,,,,,,,,,,,,,,,,,,,,,,,,,,
0,,,,,,,,,,,,,,,,,,,,,,,,,,,,,,,,,,,,,,,,,,,,,,,,,,,,,,,,,,,,,,,,,,,,,,,,,,,,,,,,,,,,,,,,,,,,,,,,,,,,,,,,,,,,,,,,,,,,,,,,,,,,,,,
